member	video_id	upload_date	title
博衣こより	Z1IKqC7ioBA	20260101	【桃鉄2】100年耐久スタート2枠目🔥西日本VS最強CPUさくま＆エンマに圧勝しよう！～1年目から！～ #こより100年桃鉄 【博衣こより/ホロライブ】
博衣こより	U6nW-BOju-c	20260101	【桃鉄2】正月だよ‼100年耐久スタート🔥西日本VS最強CPUさくま＆エンマに圧勝しよう！～1年目から！～ #こより100年桃鉄 【博衣こより/ホロライブ】
綺々羅々ヴィヴィ	bDS2YJAg1io	20260101	【ドラクエⅠ】元旦からドラクエ１クリア耐久‼️※配信でネタバレがありますのでご注意ください【#綺々羅々ヴィヴィ #hololiveDEV_IS #FLOWGLOW】
綺々羅々ヴィヴィ	0TDYm4t-2MM	20260101	【ドラクエⅠ】元旦からドラクエ１クリア耐久‼️※配信でネタバレがありますのでご注意ください【#綺々羅々ヴィヴィ #hololiveDEV_IS #FLOWGLOW】
博衣こより	GPe_vwafnTQ	20260102	【桃鉄2】100年耐久🔥西日本VS最強CPU(さくま&エンマ)～33年目から！～ #こより100年桃鉄 【博衣こより/ホロライブ】
音乃瀬奏	_8u-fp3L7K0	20260102	【 お披露目 / 歌 】ついにきた...!! お正月衣装ー！！✨　#DEV_IS正月リレー【音乃瀬奏】#hololiveDEV_IS #ReGLOSS
一条莉々華	lajxiOmRMUg	20260102	【#DEV_IS正月リレー】緊急凸待ち発生！！くじ引きもあるよ 新衣装お披露目！！【一条莉々華/hololive DEV_IS　ReGLOSS】
轟はじめ	Qa4PxFEIYp0	20260102	【＃DEV_IS正月リレー】新衣装お披露目！【轟はじめ/ReGLOSS】
輪堂千速	lXoNbHhnSGI	20260102	【お正月衣装お披露目】新衣装！？着物なのか？洋装なのか？#DEV_IS正月リレー【#輪堂千速 / #hololivedev_is  #FLOWGLOW 】
綺々羅々ヴィヴィ	QRhXMuWB14k	20260102	【新衣装お披露目】ミッションクリアで初めてのお正月衣装お披露目する🎍！！#DEV_IS正月リレー【#綺々羅々ヴィヴィ #hololiveDEV_IS #FLOWGLOW】
大空スバル	NuJLSB3XD5w	20260103	【#6】スーパーダンガンロンパ2 さよなら絶望学園 Anniversary Edition：Danganronpa 2: Goodbye Despairやるしゅば！【ホロライブ/大空スバル】
常闇トワ	pmWH-wAJYRE	20260103	【 #常闇トワ6周年記念LIVE 】ROCK Festa !!!【 3DLIVE 】
姫森ルーナ	t4zhPbqf5IA	20260103	【 ６周年カウントダウン 】 #姫森ルーナ6周年 ！！これが姫の生きる道なのらね！！！【姫森ルーナ/ホロライブ】
大空スバル	m5QQybkk0yE	20260104	【#7】スーパーダンガンロンパ2 さよなら絶望学園 Anniversary Edition：Danganronpa 2: Goodbye Despairやるしゅば！【ホロライブ/大空スバル】
姫森ルーナ	AfYMmJ5D4JY	20260104	【 #姫森ルーナ6周年 】リアル女子友 "瀬戸内レモンちゃん" を呼んだので今年は２人で餅つきするのら！！！✌(・o・🍬) 告知もあり！【姫森ルーナ/ホロライブ】
博衣こより	1QsfmDLzqYQ	20260104	【桃鉄2】100年耐久🔥西日本VS最強CPU(さくま&エンマ)～78年目から！～ #こより100年桃鉄 【博衣こより/ホロライブ】
博衣こより	Tghf7OzDHMg	20260104	【桃鉄2】100年耐久🔥西日本VS最強CPU(さくま&エンマ)に圧勝しよう！～55年目から！～ #こより100年桃鉄 【博衣こより/ホロライブ】
常闇トワ	Ah2c8p0SDi4	20260105	【 雑談 】新年きたああああ！6周年もありがとう！！アニメもきた！！【常闇トワ/ホロライブ】
博衣こより	R59nrJiuuC8	20260105	【桃鉄2】100年耐久最終回🔥西日本VS最強CPU(さくま&エンマ)～91年目から！～ #こより100年桃鉄 【博衣こより/ホロライブ】
綺々羅々ヴィヴィ	Ql6O48XX0ng	20260105	Vivi Ch. 綺々羅々ヴィヴィ - FLOW GLOW がライブ配信中！
ときのそら	ZD_O92-X0Ds	20260106	【そらぱに向けて】そらちが考えるライブマナー講座！【ホロライブ/ときのそら】
儒烏風亭らでん	com6ipmqvJM	20260108	【スパチャ読み】1stライブ振り返りでいただいたスパチャを読むよ！【儒烏風亭らでん #ReGLOSS 】
博衣こより	3LUm43m2eNI	20260109	【 Jump King 】4年ぶりジャンプキング!!靴を買いにバーゲンバーグまで戻ってからクリアしにいく耐久！✊🔥【博衣こより/ホロライブ】
大空スバル	nSKpeHkkvAg	20260110	【#8】スーパーダンガンロンパ2 さよなら絶望学園 Anniversary Edition：Danganronpa 2: Goodbye Despairやるしゅば！【ホロライブ/大空スバル】
儒烏風亭らでん	pI51gcf80h0	20260110	【スパチャ読み】続！1stライブ振り返りでいただいたスパチャを読むよ！【儒烏風亭らでん #ReGLOSS 】
ロボ子さん	HQEvO6QXgDQ	20260111	【115万人耐久 】利用規約に同意するのが先か115万人達成が先か！ボクはロボットではありま、まままままままままｍ【ホロライブ/ ロボ子さん 】
AZKi	5jb0ExYz8SI	20260111	【GeoGuessr】100GUESSするまで終われない耐久ジオゲッサー【ホロライブ / AZKi】
大空スバル	uERPR4IGAR8	20260111	【#9】スーパーダンガンロンパ2 さよなら絶望学園 Anniversary Edition：Danganronpa 2: Goodbye Despairやるしゅば！【ホロライブ/大空スバル】
兎田ぺこら	BG54UmwprOw	20260111	【カウントダウン】誕生日をみんなと迎えたい！！！！！！！！！ぺこ！【ホロライブ/兎田ぺこら】
白銀ノエル	HPOBRgxyDFY	20260111	【朝活雑談】来週は三期生ライブ！今週はホロメンとごはんにもいったよ～✨【白銀ノエル/ホロライブ】
雪花ラミィ	lRl2__WjEac	20260111	【夜雑談】眠くなるまで延々と雑談する枠（耐久）【雪花ラミィ /ホロライブ】
尾丸ポルカ	F0srTw7LlSQ	20260112	【シンザン記念】競馬配信🔰未来を測る一戦、クラシックへの序章【尾丸ポルカ/ホロライブ】
鷹嶺ルイ	gOqENjAwnxE	20260112	【 シンザン記念 】来たれ！3歳！！次のヒーローはどの馬だ！？！？【鷹嶺ルイ/ホロライブ】
兎田ぺこら	6ryk0zpgW9g	20260113	【同時視聴】ぺこらの1stソロライブ「うさぎ the MEGAMI!!」みんなで観よう！ぺこ！【ホロライブ/兎田ぺこら】
博衣こより	an0jyMtrU3k	20260113	【ゲリラ歌枠】ゲリラで135万人耐久！？？？【博衣こより/ホロライブ】
一条莉々華	lzDigswqcs4	20260115	【グリーンスプーン】限界飯卒業！？健康的な食生活を手に入れるよ！【一条莉々華/hololive DEV_IS ReGLOSS】
不知火フレア	liSDffz-7ZE	20260116	【歌枠/縦型】ライブ前日だからボカロやアニソン歌う🎤  #shorts【不知火フレア/ホロライブ】
白銀ノエル	xgOd35OEH_k	20260116	【雑談】ライブ前夜に気合雑談ッッッ！【白銀ノエル/ホロライブ】
ロボ子さん	6Fk8KhounFo	20260117	【オフコラボ🏠】マフィア歌ってみた記念👀✨はじめとカラオケオフコラボ✨【ホロライブ/ #ろぼばんちょ】
大空スバル	juw7u66mTes	20260117	【#10】スーパーダンガンロンパ2 さよなら絶望学園 Anniversary Edition：Danganronpa 2: Goodbye Despairやるしゅば！【ホロライブ/大空スバル】
姫森ルーナ	MG7KfMOYUyI	20260117	今宵はコンサートへ⋯⋯なのら🎵(・o・🍬)【姫森ルーナ/ホロライブ】
綺々羅々ヴィヴィ	BwKRAOqBgAI	20260117	【同時視聴】３期生ライブ一緒に見よう～！！hololive 3rd Generation Live #きゅるるん大作戦 【#綺々羅々ヴィヴィ #hololiveDEV_IS #FLOWGLOW】
博衣こより	oDVRkjszTto	20260119	【マリオカートワールド 】1位×5耐久🔥24時までに1位獲れなかったら罰ゲーム!?【博衣こより/ホロライブ】
不知火フレア	pkVIiaRvxrI	20260120	【3期生ライブ感想枠】みんなどうだった？さすがにもう推すしかないでしょ～！【不知火フレア/ホロライブ】
姫森ルーナ	xgXrqm-5RC8	20260121	【 アクトレイザー｜SFC版 】35周年記念！スーファミ実機でレトロゲームするのら！！！＃１【姫森ルーナ/ホロライブ】
綺々羅々ヴィヴィ	gd9em7b4P04	20260121	【＃ホロライブ共通テスト】デビュー1年の本気…目指せ100点！！【#綺々羅々ヴィヴィ #hololiveDEV_IS #FLOWGLOW】
姫森ルーナ	6UYuWimhTxU	20260122	【 アクトレイザー｜SFC版 】35周年記念！スーファミ実機でレトロゲームするのら！！！＃２【姫森ルーナ/ホロライブ】
虎金妃笑虎	-Gua0DSzaf8	20260123	【60万人耐久歌枠】がんばりますわよ！！【虎金妃笑虎】
常闇トワ	4L-Ixbhkosw	20260124	【 #ホロ新春ゲーム祭2026 】Hololive New Year Game Festival 2026⛩️花鳥風月チームで2026年勢いをつけろ🔥 【全体視点有/#ホロライブ 】
一条莉々華	hzh2q88f9yg	20260124	【 #ホロ新春ゲーム祭2026 】花チームいくぞ～！Hololive New Year Game Festival 2026⛩️【#一条莉々華 #hololive 】
大空スバル	iaw9dcP7D2g	20260125	【#真最終回】スーパーダンガンロンパ2 さよなら絶望学園 Anniversary Edition：Danganronpa 2: Goodbye Despairやるしゅば！【ホロライブ/大空スバル】
大空スバル	KCqhUYZZZmU	20260125	【#12】スーパーダンガンロンパ2 さよなら絶望学園 Anniversary Edition：Danganronpa 2: Goodbye Despairやるしゅば！【ホロライブ/大空スバル】
綺々羅々ヴィヴィ	NPHphVyYleY	20260125	【同時視聴】DAY2!3期生ライブ一緒に見よう！hololive 3rd Generation Live #きゅるるん大作戦 【#綺々羅々ヴィヴィ #hololiveDEV_IS #FLOWGLOW】
姫森ルーナ	ZRT4ZyKK7fc	20260126	【 アクトレイザー｜SFC版 】35周年記念！スーファミ実機でレトロゲームするのら！！！＃３ 最終回【姫森ルーナ/ホロライブ】
夏色まつり	MAmeoxzlrn8	20260129	【お披露目】新しいお部屋ができました♡【ホロライブ/夏色まつり】
尾丸ポルカ	2KP6R3S-SAA	20260129	【誕生日カウントダウン】一緒に誕生日お祝いしてくれる！！？！？！？【尾丸ポルカ/ホロライブ】
博衣こより	V0cHplOpSAM	20260129	【ホロダンジョン】先行配信！こよが主役のローグライクゲーム！？？？～博衣こよりとホロウライブ in ホンシャタワー～【博衣こより/ホロライブ】
尾丸ポルカ	zzVcTQOdLZE	20260130	【#尾丸ポルカ生誕祭2026】Glitter of Love/誕生日記念3DLIVE【尾丸ポルカ/ホロライブ】
大空スバル	yX7tZy2N4-A	20260131	【#だんがんアイランド】ギャルゲ？！スーパーダンガンロンパ2 さよなら絶望学園 Anniversary Edition：Danganronpa 2: Goodbye Despairやるしゅば！
博衣こより	xwDMhgwaMYQ	20260131	【ホロダンジョン】新作ローグライク！クリア後ダンジョン初見いくぞ！！！～博衣こよりとホロウライブ in ホンシャタワー～【博衣こより/ホロライブ】
大空スバル	CAzoqGPN9q4	20260201	【#だんがんアイランド】ギャルゲ？！スーパーダンガンロンパ2 さよなら絶望学園 Anniversary Edition：Danganronpa 2: Goodbye Despairやるしゅば！
姫森ルーナ	OnCcP4Q8SVQ	20260203	【 Minecraft 】新ホロ鯖！久々"んな電鉄"の開通記念なのら！！！＃１３【姫森ルーナ/ホロライブ】
儒烏風亭らでん	2pdO8HZQ7WU	20260203	【歌枠】2月4日は誕生日！！前夜祭歌枠 #儒烏風亭らでん生誕祭2026【儒烏風亭らでん #ReGLOSS 】
儒烏風亭らでん	zpFDZlzJZD8	20260203	【#気まぐれ薄明ラジオ 】誕生日直前！らでんの応援広告が掲載されている美術館を紹介します✨【儒烏風亭らでん #ReGLOSS 】
博衣こより	tvcbRtlsxUE	20260204	【スーパーマリオギャラクシー2】完全初見！クリア耐久!?へたっぴマリギャラ2！ #2 【博衣こより/ホロライブ】
虎金妃笑虎	ixSOcbeAEh0	20260205	【ニコの日記念3D配信】ついにきた！ニコの日を楽しもう！【虎金妃笑虎／ゲストあり／告知あり】
さくらみこ	t61DV-IhDwY	20260209	【 タイマン企画 】改装お披露目⁉みこに勝たないと出られない部屋にぇ！ゲスト：常闇トワ👾【ホロライブ/さくらみこ/常闇トワ】
癒月ちょこ	9ouTuZhAMC8	20260213	【凸待ち】誕生日カウントダウン配信📣 【ホロライブ/癒月ちょこ】
星街すいせい	zUH_op63j54	20260214	【新衣装お披露目】miCometブランド🌸☄ お揃い衣装2nd‼ & VR凸待ち✨【ホロライブ / miComet】
百鬼あやめ	7RG6f33ZOvU	20260214	【新衣装】超超超超かわ余な新衣装お披露目❣👀【百鬼あやめ/ホロライブ】
癒月ちょこ	_1PGuuEP7ps	20260214	【重大告知あり】新３Dお披露目?！癒月ちょこ生誕祭2026🎂 【ホロライブ/癒月ちょこ】
響咲リオナ	wT_YjEgMMBY	20260214	【告知あり】バレンタイン歌枠💖新EDお披露目もあり！【ホロライブ DEV_IS 響咲リオナ】
桃鈴ねね	bVQvdU_npWE	20260215	【 雑談 】美容院に行ったので髪型が２つも増えました！お披露目✨【 桃鈴ねね / hololive 】
鷹嶺ルイ	9n84oWv02ZA	20260215	【 共同通信杯＆京都記念 】久々の日本競馬だあああああああああああ✨【鷹嶺ルイ/ホロライブ】
アキロゼ	Uts3UcAt0nM	20260216	特別回！誕生日カウントダウン！『 #バレンタイン事件簿  💕』 アキちょこナイトパレット第25回 ～ホロライブ深夜ラジオ～
アキロゼ	_tBlI-l8WLk	20260217	【 3DLIVE 】#アキロゼ生誕祭2026 ーLife is GAMEー【ホロライブ/アキ・ローゼンタール】
猫又おかゆ	jQ9zzvVpEuc	20260221	【 🟣カウントダウン 】もうすぐ誕生日だあああい❕🎂✦【 猫又おかゆ/ホロライブ 】
星街すいせい	f235tXGD2z4	20260222	ソロライブ打ち上げアフタートーク🍾🎤✨REBOOT衣装のお披露目も……⁉【ホロライブ / 星街すいせい】
宝鐘マリン	pHkEPvUnSlE	20260223	【400万人記念】企画告知します！！！！！！！【ホロライブ/宝鐘マリン】
輪堂千速	Hg4_ybNksfg	20260223	【DRAPOJI Lite】コックピットデビューして首都高バトルする！！！！【#輪堂千速 / #hololivedev_is  #FLOWGLOW 】
尾丸ポルカ	ZRpWibMn2Ug	20260224	【ウマ娘】5周年だ！ガチャひいて新シナリオやってアーモンドアイちゃん育成！！【尾丸ポルカ/ホロライブ】
博衣こより	C-2YgCcqZ48	20260227	【同時視聴】㊗30周年！Pokémon Presents 2026.2.27いっしょに観よう！！！！！【博衣こより/ホロライブ】
一条莉々華	8vBJiCApL58	20260227	【祝30周年‼同時視聴】Pokémon Presentsきたああああ【一条莉々華/hololive DEV_IS　ReGLOSS】
宝鐘マリン	FvmDQ9yOp_s	20260228	【宝鐘マリン４００万人記念】新曲お披露目ミニライブに、ドッキリに、マナー講師平林先生！？盛りだくさん！告知もあり！【ホロライブ/宝鐘マリン】
不知火フレア	9-buRZVYw2c	20260301	【スプラトゥーン3/サーモンラン】クマフェスなので参加型で遊ぶ🐟【不知火フレア/ホロライブ】
桃鈴ねね	54MJhdogNII	20260301	【 #桃鈴ねね誕生日ライブ2026 】今年もみんなと迎えたい！お誕生日！！！【 桃鈴ねね / hololive 】
尾丸ポルカ	vhI-bjrCwBc	20260301	【中山記念・チューリップ賞】競馬配信🔰桜前線、才能の輪郭が浮かび上がる【尾丸ポルカ/ホロライブ】
鷹嶺ルイ	jSgVHgtWyW4	20260301	【 中山記念＆チューリップ賞 】最近の好調を絶やすな！絶対勝つぞ！！！【鷹嶺ルイ/ホロライブ】
輪堂千速	Cb6Y-3TctTE	20260301	【競馬/中山記念】さあやってくぞ～～～！！！！！【#輪堂千速 / #hololivedev_is  #FLOWGLOW 】
アキロゼ	Pkfxd9BXsTo	20260302	『 #誕生日にもらってスゴかったもの  💕』 アキちょこナイトパレット第26回 ～ホロライブ深夜ラジオ～
猫又おかゆ	-0GNam-NnQ8	20260302	【 🔥歌枠 】210万人耐久じゃあ～～～～～～！✦【 猫又おかゆ/ホロライブ 】
姫森ルーナ	oUOXMsFNThg	20260302	【 プリコネR 】プリフェスガチャ✨ペコリーヌ(アストライア)をお迎えするのら！！！【姫森ルーナ/ホロライブ】
桃鈴ねね	YgZNZM81OcA	20260302	【 超重大告知あり‼ 】 #桃鈴ねね誕生日ライブ2026 ～Liminal～【 桃鈴ねね / 3DLive 】
博衣こより	2VRuQhwLqec	20260302	【 #朝こよ 】3月さいしょ！週末はfesEXPO⁉な火曜日の朝も！朝こよ～！☀ #274 【博衣こより/hololive】
桃鈴ねね	HZnD45mYR08	20260303	【 雑談 】ライブの振り返りするーーー！！！！！！！！！【 桃鈴ねね / hololive 】
ロボ子さん	5KwEcnH7zbs	20260304	【雑談】FES＆EXPOが近づいてるけどみんな準備はできてる！？雑談【ホロライブ/ ロボ子さん 】
不知火フレア	6bN_tKi_wzQ	20260304	【Fes前装備チェック】エルフレの装備を見～せて！【不知火フレア/ホロライブ】
尾丸ポルカ	mCRV2iyifXE	20260304	【OHAPOL】#195 3/5木曜日！Fes&EXPO目前朝活！！ #ポルカ公演中 【尾丸ポルカ/ホロライブ】
風真いろは	7rlxCYXOl3Y	20260304	【縦型歌枠】Fes前最終調整だﾂ！！用法用量守って歌います🎤【風真いろは/ホロライブ】#shorts #歌枠
雪花ラミィ	nW_Z5BRPQyE	20260305	【hololive 7th fes. Ridin' on Dreams】前日だ～！！！みんな楽しんでいこう！！【雪花ラミィ /ホロライブ】
博衣こより	bcfhrZRSzUY	20260305	【推し活装備】fesEXPO直前‼みんなの推し活装備紹介しつつ気合い入れるよ～！(ᐡ-᷅ ·̫ -᷄ᐡ)✨【博衣こより/ホロライブ】
虎金妃笑虎	zMZv9ztIuDQ	20260305	【平成歌枠】Fes＆EXPO前夜祭？！パパのウォークマンに入ってた曲を歌う！【虎金妃笑虎】
博衣こより	dNfJdi5e34k	20260306	【応援枠＆打ち上げ会場】hololive SUPER EXPO 2026 ＆ hololive 7th fes.「STAGE1」観ててねっっっ♡【博衣こより/ホロライブ】
水宮枢	AFdNWKC0Zwc	20260306	【雑談／freetalk】💙参戦服みたりドキドキを話す #FG初fes朝活リレー【水宮枢／ホロライブDEV_IS】
水宮枢	kUpdvUCs96Y	20260306	【同時視聴】hololive SUPER EXPO 2026 / 7th fes🩵STAGE 1【水宮枢／ホロライブDEV_IS】
輪堂千速	bOOn8b_Rcrk	20260306	【雑談/CHAT】DAY2 初めてのFesだぞ！！！！！！！！！！【#輪堂千速 / #hololivedev_is  #FLOWGLOW 】#FG初Fes朝活リレー
虎金妃笑虎	9mYfg0q4hH0	20260306	【Last朝活】憧れたあのステージに、今日虎立ちけり！【虎金妃笑虎】#FG初Fes朝活リレー
猫又おかゆ	p11XrSbB5OQ	20260307	フェスお疲れさまでした会場🍙🍙🍙
不知火フレア	NW-Fqc3gGLQ	20260307	【振り返り雑談】hololive 7th fes.ふれあの出番はどうだった～～？【不知火フレア/ホロライブ】
響咲リオナ	3yfWPX9CFAU	20260307	【#FG初fes朝活リレー】FG初Fes！！私たちの初ステージ、見届けてほしい✨【ホロライブ DEV_IS 響咲リオナ】
輪堂千速	lndLHqM80Q0	20260307	【7th fes.EXPO】DAY2 STAGE３ 応援枠【#輪堂千速 / #hololivedev_is  #FLOWGLOW 】
綺々羅々ヴィヴィ	cnG8dPb2-Uk	20260307	【初！hololive 7th fes.】初めてステージに立てた感動を伝えたい！みんなの応援が力になったよ！【#綺々羅々ヴィヴィ #hololiveDEV_IS #FLOWGLOW】
綺々羅々ヴィヴィ	zfYIDeu0Vhg	20260307	【 初Fes.前雑談/FreeTalk 】ついに！7th Fes.ステージに立つ！#FG初fes朝活リレー【#綺々羅々ヴィヴィ #hololiveDEV_IS #FLOWGLOW】
ときのそら	tYKiB5A2owQ	20260308	【#hololivefesEXPO26】お疲れ様感想会！！【ホロライブ/ときのそら】
ロボ子さん	AgN-y7MpHb4	20260308	【 感想会 】7th Fes. & EXPOおつろぼ✨興奮冷めやらないうちに話しながら８周年を君と迎えたい❣【ホロライブ/ ロボ子さん 】
AZKi	vigS0ZGqQcU	20260308	【#hololivefesEXPO26】hololive 7th fes. & EXPO 3日間ありがとう！振り返り！【ホロライブ / AZKi】
星街すいせい	3GUq5ukIsIQ	20260308	7th fesお疲れ様でした!! アフタートーク🎤✨【ホロライブ / 星街すいせい】
さくらみこ	kM_hRahFbNU	20260308	【振り返り】みこちfesEXPO大感想会！振り返り＆裏話！みんなだいすき！🌸#hololivefesEXPO26 【ホロライブ/さくらみこ】
白上フブキ	UNn-jx_kPm8	20260308	【応援枠】hololive SUPER EXPO 2026＆hololive 7th fes.お疲れ様でした！
アキロゼ	5CRosk_4u3E	20260308	【応援枠】#hololivefesEXPO26_DAY3 アキロゼ応援枠＆感想会打ち上げ会場予定地！『STAGE4』✨ChatStream【ホロライブ/アキロゼ】
百鬼あやめ	n4yLsTkrNg0	20260308	【雑談】Fesお疲れ様でした！振り返り＆感想会【百鬼あやめ/ホロライブ】
大空スバル	OeIty84t3_k	20260308	【#生スバル】7th Fes＆エキスポありがとうございました！大感想会～！！！！！！【ホロライブ/大空スバル】
白銀ノエル	UOO3SYBQimU	20260308	【さんま増刊号】10時のEXPOステージ同時視聴からの7th fes.振り返り感想会だ～💪🌞【白銀ノエル/ホロライブ】
角巻わため	O3rCEIPTcgQ	20260308	【 hololive 7th fes.＆EXPO応援会場 】わためぇが最高に楽しんで帰ってくる場所！【角巻わため/ホロライブ４期生】
常闇トワ	04oGr2tbKbo	20260308	【 hololive 7th fes.＆EXPO 】応援会場 ＆ 感想会✨️ #Towavel をみる🎀🦩 【 常闇トワ / ホロライブ 】
姫森ルーナ	FFUwdbb-08o	20260308	【 7th Fes. & EXPO感想会 】みんなありがちゅ～💓(・o・🍬)【姫森ルーナ/ホロライブ】
雪花ラミィ	-LAYdS1j-oA	20260308	【hololive 7th fes. Ridin' on Dreams】お疲れ様晩酌！！【雪花ラミィ /ホロライブ】
桃鈴ねね	UAJB4BQDsNo	20260308	【 #hololivefesEXPO26 】フェスとエキスポ振り返り✨【 桃鈴ねね / hololive 】
獅白ぼたん	eCrXBVuQYx8	20260308	【応援会場】hololive SUPER EXPO 2026 ＆ hololive 7th fes. DAY2/STAGE2✨SSRB特等席はこちら【獅白ぼたん/ホロライブ 】
鷹嶺ルイ	EyfhovmyIiU	20260308	【 3日間ありがとう‼ 】EXPO・Fes.振り返り✨【鷹嶺ルイ/ホロライブ】
風真いろは	NSleK0_ETQA	20260308	FesEXPOありがとう✨風真いろはさんの振り返り会場🎈#hololivefesEXPO26【風真いろは/ホロライブ】
轟はじめ	meU8alT9lnc	20260308	【FES＆EXPO感謝】うおおおおありがとううう【轟はじめ/ReGLOSS】
響咲リオナ	UYkuEntEuPg	20260308	【振り返り】hololive SUPER EXPO 2026 ＆ hololive 7th fes楽しかった❤沢山はなそう♪【ホロライブ DEV_IS 響咲リオナ】
水宮枢	fVMN9oAXUhk	20260308	【応援会場／freechat】hololive SUPER EXPO 2026 / 7th fes. Ridin' on Dreams 💙STAGE 3【水宮枢／ホロライブDEV_IS】
輪堂千速	Npp4I-rhSR4	20260308	【7th fes.EXPO】EXPO＆Fes.振り返り感想会！！！！！【#輪堂千速 / #hololivedev_is  #FLOWGLOW 】
綺々羅々ヴィヴィ	t0Q73lF0AcY	20260308	【#hololivefesEXPO26】EXPO＆Fes.振り返ろう【#綺々羅々ヴィヴィ #hololiveDEV_IS #FLOWGLOW】
ロボ子さん	tsDSyQ9RQhw	20260309	【お披露目＆逆凸】８周年記念凸待ち✨メロいボクの新装備も登場ですか！？？ #８周年のロボ子さん 【ホロライブ/ ロボ子さん 】
尾丸ポルカ	0gqkh2mXMDg	20260309	【振り返り】hololive SUPER EXPO 2026＆hololive 7th fes.お疲れ様あああああ【尾丸ポルカ/ホロライブ】
博衣こより	2hKW7bWi1pY	20260309	【 #朝こよ 】fesEXPOおつかれさま！3/15はこよ誕生日！な火曜日の朝も朝こよ～！☀ #275 【博衣こより/hololive】
音乃瀬奏	A3gpcJy-zfs	20260309	【 雑談 】EXPOとFesお疲れ様～！！！【音乃瀬奏】#hololiveDEV_IS #ReGLOSS
一条莉々華	R5BNDC0omgc	20260309	【振り返り会場】#hololiveEXPOfes2026_DAY3【一条莉々華/hololive DEV_IS　ReGLOSS】
儒烏風亭らでん	eCX8WxbIWg0	20260309	【雑談】でかめの忘れ物した人によるEXPO＆FESお疲れ様でした会【儒烏風亭らでん #ReGLOSS 】
水宮枢	fqgXFbAz5yE	20260309	【同時視聴】hololive SUPEREXPO2026 / 7th fes🩵STAGE 2【水宮枢／ホロライブDEV_IS】
一条莉々華	5_KnO_9Xr8c	20260310	【スパチャ読み】いつもありがとう！EXPO、FESの分！【一条莉々華/hololive DEV_IS　ReGLOSS】
AZKi	psJQjjl2A6g	20260311	【GeoGuessr】くまモンをゲスしにいこう～くまモン生誕記念～【ホロライブ / AZKi】
白上フブキ	sLAzeRWOGqo	20260311	【その３】チルラジオ配信 #狐族密会　「 EXPO&Fesお疲れ様っした！」【ホロライブ/白上フブキ/尾丸ポルカ】
アキロゼ	lNxP-006uK4	20260311	【ホロアース】先行公開エリアツアー！＆アンコールライブ直前降臨祭じゃー！【ホロライブ/アキロゼ】
白銀ノエル	_PRLAQ_AXA0	20260311	【マリオテニス フィーバー】途中からぺこらっちょ師匠がきてくれる！ってか周りのホロメンアカデミー卒業してないってマ？勝ったな.........🎾🔥【白銀ノエル/ホロライブ】
ときのそら	7KSx9nOvlTY	20260313	【フェスで披露しました】「Diva」MV公開までみんなでぬんぬん待とうよ配信【ホロライブ/ときのそら】
アキロゼ	VQDvivMID-Y	20260313	【ホロアース】ホロアースに集合！#アキロゼ生誕祭2026 アンコールライブinホロアース開演！！【ホロライブ/アキロゼ】
博衣こより	0EONIWgeqoI	20260314	【誕生日カウントダウン】3/15は #博衣こより生誕祭2026 🎂一緒に迎えてほしい！1年後の自分への手紙も書く＆読むよ～！【博衣こより/ホロライブ】
癒月ちょこ	HAgeir2UhSE	20260315	【Freetalk】FESや新曲とか色々語りたーーーいっ！【ホロライブ/癒月ちょこ】
兎田ぺこら	GEBtogETOTs	20260315	🎾ホロライブマリオテニス大会！！Hololive Mario Tennis Tournament!!【#ホロマリオテニス大会】
白銀ノエル	FjVOU_TJIa0	20260315	【マリオテニス フィーバー】大会本番！！！！アカデミー卒業の意地【白銀ノエル/ホロライブ】
白銀ノエル	jS7LJlOrCPc	20260315	【マリオテニス フィーバー】大会直前！！アカデミー卒業が負けるわけがない【白銀ノエル/ホロライブ】
博衣こより	IIZD93SwgUw	20260316	【 #朝こよ 】誕生日お祝いありがとう！火曜日の朝も朝こよ～！☀ #276 【博衣こより/hololive】
綺々羅々ヴィヴィ	4ecKH71LPKg	20260316	【 縦型歌枠/KARAOKE 】60万人耐久！！【 #綺々羅々ヴィヴィ #hololiveDEV_IS #FLOWGLOW】
輪堂千速	mJ4-M27BI8k	20260317	【マリオテニスフィーバー】アカデミー卒業してきました！！！【#輪堂千速 / #hololivedev_is  #FLOWGLOW 】
ときのそら	0LqgL1xgxVU	20260320	【インターネットサイン会】Live Blu-rayときのそら8th Anniversary Party「Starry Bl∞min’」リリース記念！【ホロライブ/ときのそら】
星街すいせい	Jz2xEfAjC8Y	20260322	【8周年アコースティックLIVE】#星街すいせい重大発表LIVE
アキロゼ	-DfboEimaLw	20260323	『 #最近卒業したもの 』 アキちょこナイトパレット第28回 ～ホロライブ深夜ラジオ～
博衣こより	VeSwxAxPO1U	20260323	【 #朝こよ 】今週末は生誕ゲーソンライブ！な火曜日の朝も朝こよ～！☀ #277 【博衣こより/hololive】
夏色まつり	Hm02F6VqbUA	20260325	【みつめ】フェスティバルーナで協力ホラゲ！？【ホロライブ/夏色まつり】
姫森ルーナ	fL9_bwz-B3A	20260326	【 Pop'nツインビー 】本日発売３３周年！初見プレイでレトロゲームシューティングに挑戦するのら！！！【姫森ルーナ/ホロライブ】
ときのそら	VQ1IREhoiwc	20260327	【メジャーデビュー7周年】Dreaming!歌枠【ホロライブ/ときのそら】
博衣こより	yGN0gj0o1GU	20260328	【 3D LIVE 】新3Dお披露目！豪華ゲスト&重大告知あり！ゲームソングライブ開催だああ！🎮✨ #博衣こより生誕Live2026 【博衣こより/ホロライブ】
博衣こより	p1IbAGgxn_4	20260328	【朝活雑談】本日20:00新3Dお披露目✨生誕ゲームソングライブ開催だよ～～～！！！【博衣こより/ホロライブ】
大空スバル	NfJsoMi1y0s	20260329	【#大空スバル7周年LIVE】大空スバル 7th 記念LIVE ラブミ❣：7th anniversary live【ホロライブ/大空スバル】
鷹嶺ルイ	xwnLSGfNIAE	20260329	【 高松宮記念 】久々のG1！！！今日も的中できるのか・・・⁉【鷹嶺ルイ/ホロライブ】
大空スバル	ZwJ1_ZNApbA	20260330	【#生スバル】7周年ライブ振り返り配信しゅばああああああああああああああああああああああああ！！！！：7th Anniversary Live Recap Chat【ホロライブ/大空スバル】
AZKi	Y5BPxMCI6oU	20260401	【#AZKi初配信】AZKi Debut. はじめまして――？【新人Vtuber】
白上フブキ	9PVe5pfUMEM	20260401	【お披露目】人間！みよ！これがケモノ界のキングなのだ！【白上フブキ/ホロライブ】
白上フブキ	-yv-HGl_dCQ	20260401	【お披露目】#にゃんぐこーん　ケモケモお披露目でケモ度倍増！？【白上フブキ/猫又おかゆ/ホロライブ】
兎田ぺこら	jlYzCCOCM5E	20260401	【＃ぺこらマミー新衣装】マミー、初めての新衣装をお披露目します🎶【ママライブ/ぺこらマミー】
不知火フレア	1XJ3VAecSS4	20260401	【生誕カウントダウン】明日誕生日です！！祝って下さい!【不知火フレア/ホロライブ】
博衣こより	YUVNyKC4TYY	20260401	【 #もふこよ3Dお披露目 】もふこよ初配信！？？？3Dお披露目ーーーーこょっ！！！in VRChat【宝鐘マリン・クマリン・博衣こより・もふこよ/ホロライブ】
AZKi	YIdyUierCmU	20260406	【雑談】ホロライブ移籍4周年ありがとう【ホロライブ / AZKi】
猫又おかゆ	8JhmTMJ9zB0	20260406	【 #猫又おかゆ7周年記念 】こんな日に地獄があっても良いじゃない🔥🔥🔥
尾丸ポルカ	pGnHXS5Lklw	20260408	【川崎記念】競馬配信🔰この夜、この砂、このステージ。【尾丸ポルカ/ホロライブ】
尾丸ポルカ	-0x9vGCP6pc	20260409	【#こうましろファミリーフェス】リレーを繋げるはじめまして🎶元気な歌声をお届けします💓楽しもう🌟【尾丸ポルカ/ホロライブ】
戌神ころね	sh0j8Fl-wGg	20260412	【#戌神ころね7周年】今年も来た！お酒飲みながら周年カウントダウンだあああああああ💛🍰🎊
戌神ころね	y_YUvFJrJAU	20260413	【#戌神ころね7周年】スタジオでリアル凸待ちしてみる・・・・・・・・・
音乃瀬奏	E-3XledH4lU	20260419	【LIVE前雑談】明日が誕生日！！！おまえらの熱気を浴びたい【音乃瀬奏】#hololiveDEV_IS #ReGLOSS
音乃瀬奏	WW1vJyPkOwQ	20260421	【生誕ライブ振り返り】うおおおおライブからただいまああ【音乃瀬奏】#hololiveDEV_IS #ReGLOSS
鷹嶺ルイ	CDk5B51_rGc	20260424	【 定期雑談 】もうすぐholoXライブだね☺色々お話するでぇ！！！  #もう金ルイ 【鷹嶺ルイ/ホロライブ】
一条莉々華	vphPwle3sZg	20260425	【漢字でGO!】漢検1級レベル！？クリア耐久！！！！【一条莉々華/hololive DEV_IS　ReGLOSS】
博衣こより	0gJXk9WV0YI	20260427	【 #朝こよ 】遂に明日holoXライブ！前日の火曜日の朝も朝こよ～！☀ #282 【博衣こより/hololive】
博衣こより	MVPJIwcHSj8	20260427	【料理枠/カメラ有】holoXライブ直前！相方弁当ならぬ、仲間お菓子を作る♡♡♡【博衣こより/ホロライブ】
風真いろは	ArhJEPvG8Ak	20260427	【雑談】ライブ本番まであと2日💡雑談はなんぼあったっていい【風真いろは/ホロライブ】
博衣こより	fr37LGza2B8	20260428	【ライブ前日雑談】holoXライブ明日だあああああできたら決起集会させてちょおおおおお！！！～ルイいろがちょっと遊びに来てくれたよ！～【博衣こより・鷹嶺ルイ・風真いろは/ホロライブ】
姫森ルーナ	N5GOijX9U0o	20260430	【 鳴潮 】鳴潮2周年！緋雪ガチャとストーリーも進めていくのら！！！第2章第12幕 Ver.2.8 ＃14【姫森ルーナ/ホロライブ】
鷹嶺ルイ	Bqn9kx3xW8U	20260430	【 #ルイ新アクセお披露目 】GW企画発表あり‼ かっこいい新アクセサリーを公開するぞ✨【鷹嶺ルイ/ホロライブ】
博衣こより	XbH_jTnKT3g	20260430	【打ち上げ】秘密結社holoX Live 2026「First MISSION」打ち上げ＆裏話＆おうち3Dお披露目！！ #SSholoX世界リペイント計画 #SSholoX 【博衣こより/ホロライブ】
博衣こより	avnIU3SIPgI	20260501	【スーパードンキーコング3】久々レトロゲーム！？完全初見クリア耐久だああああ！！！！！【博衣こより/ホロライブ】
白上フブキ	HBNuE2Vx0Rs	20260502	【FINAL FANTASY XIV】至天の座アルカディア踏破耐久予定地　※ネタバレあり※ 【ホロライブ/白上フブキ】
博衣こより	pH7eXdxGwec	20260502	【ポケモン不思議のダンジョン 赤の救助隊】はじめてのポケダンクリア耐久！ゲームボーイアドバンス版やるよー！！！【博衣こより/ホロライブ】
音乃瀬奏	cM9H5jKzU1g	20260502	【 耐久歌枠 】GW企画！80万人いけるかな？！【音乃瀬奏】#hololiveDEV_IS #ReGLOSS
戌神ころね	Zlnqxdwg5Io	20260503	【朝ころ記念すべき第一回目】朝のぉぁょ~！
博衣こより	nkEDIOKVD3Q	20260503	【ポケモン不思議のダンジョン 赤の救助隊】２枠目！はじめてのポケダンクリア耐久！ゲームボーイアドバンス版やるよー！！！【博衣こより/ホロライブ】
夏色まつり	_Wls4gK4xts	20260504	【鳴潮2周年】2周年ってことはガチャから始めなきゃですよね！？【ホロライブ/夏色まつり】
尾丸ポルカ	RWI1gEPHrSY	20260505	【かしわ記念】競馬配信🔰積み上げた王者の意地か、新星の台頭か。【尾丸ポルカ/ホロライブ】
鷹嶺ルイ	NKh3YjQAIUc	20260505	【 かしわ記念 】地方に目覚めた女。かしわ記念で的中を目指す。【鷹嶺ルイ/ホロライブ】
博衣こより	pv5HuGnx-s4	20260509	【トモコレ】莉々華が告白するまで終われまてん！！！ #ホロ修羅場の島 見納めの耐久🔥【博衣こより/ホロライブ】
角巻わため	USYp3Q3JR_E	20260510	【 #角巻わため新衣装2026 】めちゃくちゃ可愛い衣装をお披露目！NEW OUTFIT🐏✨【角巻わため/ホロライブ４期生】
博衣こより	W2l1ErCEpIs	20260510	【太ももうさぎの大撃腿】超かぐや姫！に出てきた、かぐやが２３時間４３分耐久したゲームをやってみる！【博衣こより/ホロライブ】
AZKi	z3C_URh0gwM	20260511	【重大告知】お待たせしました！100万人記念のアレを発表します！【ホロライブ / AZKi】
癒月ちょこ	NigsJ967r0U	20260511	【お披露目】お家３Dお披露目📣配信復活します！ 【ホロライブ/癒月ちょこ】
桃鈴ねね	YJx4-z9ZtN4	20260511	【 #桃鈴ねね新衣装 】サムネが清楚すぎるませーーー！お披露目ませー！【 桃鈴ねね / hololive 】
ときのそら	_Z_XAxbsYx4	20260514	【誕生日カウントダウン】１５日はお知らせがいっぱいです。【ホロライブ/ときのそら】
ときのそら	sflyOJD5y50	20260515	【#ときのそらお披露目誕生日2026】１０年目に向けた最高のパフォーマンスを！～告知もあるよ～【ホロライブ/ときのそら】
桃鈴ねね	WPcEgnNOh2Q	20260515	【雑談】ソロライブ決定！ずっと隠してた話と夜は○○とデートしてきます💕の話【 桃鈴ねね / hololive 】
ときのそら	D_LdpgIiRLE	20260516	【#ときのそらお披露目誕生日2026】お疲れ様会！！そしておしゃべり！【ホロライブ/ときのそら】
鷹嶺ルイ	XpPas9hfcqg	20260517	【 ヴィクトリアマイル 】最強女王を決める重賞レース‼宝塚記念の投票もしよう！【鷹嶺ルイ/ホロライブ】
儒烏風亭らでん	1juU26jChug	20260517	【 #らでん新衣装お披露目3Dライブ 】歌って踊ってミラクル重大発表祭り！【儒烏風亭らでん #ReGLOSS 】
大空スバル	WA8ydBh2t8U	20260519	【#大空スバル200万人】200万人耐久するしゅばあああああああああああああああああああああああああああああああああああああああああ！！！！！！！！！【ホロライブ/大空スバル】
一条莉々華	vb8Sq4eipaI	20260520	【魔王城ものがたり】星5耐久でクリアするぞ！！！世界潰すよ～✋【一条莉々華/hololive DEV_IS ReGLOSS】
輪堂千速	SFagvN6IQfc	20260521	【Forza Horizon 6】フェスティバル進めますか！！！！！！！【#輪堂千速 / #hololivedev_is  #FLOWGLOW 】
ロボ子さん	blQ0YWbaqic	20260522	【カウントダウン】誕生日まであと少し👶💝カウントダウンしながら新衣装予想図をみよう！ ＃ロボ子爆誕2026 【ホロライブ/ ロボ子さん 】
鷹嶺ルイ	70TCXxwdkME	20260522	【 #カゲマス 】3.5周年イベだ‼今回もありますワンパンチャレンジ👊‼【鷹嶺ルイ/ホロライブ】
ロボ子さん	U975jWt8EOg	20260523	【 3Ｄスタジオリア凸】爆誕１０才🎂✨ 1・2switchで勝利したら新衣装お披露目チャンス！？？ お披露目させてください！ ＃ロボ子爆誕2026【ホロライブ/ ロボ子さん 】
姫森ルーナ	jYFFHXLd3TE	20260523	【 鳴潮 】本日鳴潮2周年！フローヴァガチャ💓ストーリーも進めていくのら！！！第3章第4幕 Ver.3.2 ＃18【姫森ルーナ/ホロライブ】
