video_id	upload_date	title	flagged
jYFFHXLd3TE	20260523	【 鳴潮 】本日鳴潮2周年！フローヴァガチャ💓ストーリーも進めていくのら！！！第3章第4幕 Ver.3.2 ＃18【姫森ルーナ/ホロライブ】	1
cn5-WW0H21Q	20260522	【 R.E.P.O. 】ソロ練習！攻略サイトを見ながら敵を倒していくのら！！！【姫森ルーナ/ホロライブ】	
89zYbCAN-6E	20260520	【 帰ってきた 魔界村 】初見プレイ！大発狂ゲームに挑戦するのら！！！【姫森ルーナ/ホロライブ】	
XgrymfHfctw	20260519	【 羊毛フェルト 】カニちゃん(古本屋さん)を羊毛フェルトで作ってみるのら💓( ᐢ・o・ᐢ 🍬) 【姫森ルーナ/ホロライブ】	
K4XIlujOUAw	20260517	【 棋士・藤井聡太の将棋トレーニング 】イチから学ぶ将棋の世界なのら！！！【姫森ルーナ/ホロライブ】	
jZftID08VYg	20260516	【 鳴潮 】初めての鳴潮で遊んでみるのら！！！第3章第3幕 Ver.3.1 ＃17【姫森ルーナ/ホロライブ】	
I7Vqz_jLzX4	20260512	【 Dread Neighbor (悪意) | ホラゲ 】こりは怖くてダメかもしれない…👻安アパートに引っ越したら何か視線を感じるのら！！！【姫森ルーナ/ホロライブ】	
8SR20wPRx34	20260511	【 鳴潮 】PV鑑賞会とユーノガチャ！！ストーリーも進めていくのら！！！第3章第2幕 Ver.3.0 ＃16【姫森ルーナ/ホロライブ】	
qs9B7VK4SQc	20260510	【 バイオハザードRE:4 】初見！ぺこちゃんに貰ったゲームで遊ぶのら！！！BIOHAZARD RE:4 ＃２ 最終回【姫森ルーナ/ホロライブ】	
E64RtFKWXvg	20260509	【 バイオハザードRE:4 】初見！ぺこちゃんに貰ったゲームで遊ぶのら！！！BIOHAZARD RE:4 ＃１【姫森ルーナ/ホロライブ】	
61SWQgIRZZQ	20260507	【 鳴潮 】初めての鳴潮で遊んでみるのら！！！第3章第1幕 Ver.3.0 ＃15【姫森ルーナ/ホロライブ】	
5_iIfZw0DNU	20260506	【 Windrose / ウィンドローズ 】帆を上げろ！荒れ狂うカリブ海を生き残れなのら！！！🏴‍☠️☠【姫森ルーナ/ホロライブ】	
KLbYXVXtn_A	20260504	【 LEGO 】レゴのゲームボーイを組み立てるのら！！！Build with LEGO【姫森ルーナ/ホロライブ】	
N5GOijX9U0o	20260430	【 鳴潮 】鳴潮2周年！緋雪ガチャとストーリーも進めていくのら！！！第2章第12幕 Ver.2.8 ＃14【姫森ルーナ/ホロライブ】	1
7vXaumkwv3E	20260429	【 ぷちホロの村 】どんなゲームか遊んでみるのら！！！🪓(・o・🍬)【姫森ルーナ/ホロライブ】	
EQMDp5bN_Fk	20260428	【 背徳飯 】咀嚼音あり♪大好きな「蒙古タンメン中本」バター入りを食べるのら！！！(・o・🍬)【姫森ルーナ/ホロライブ】	
O_Di8kO446Q	20260428	【 悪魔城ドラキュラXセレクション 月下の夜想曲＆血の輪廻 】＃３ 最終回！初めての「月下の夜想曲」で遊ぶのら！！！【姫森ルーナ/ホロライブ】	
WqOQkIS_rLc	20260427	【 鳴潮 】みんなとPV鑑賞会！！潮汐＆連星任務も進めていくのら！！！第2章 Ver.2.7 ＃13【姫森ルーナ/ホロライブ】	
JcA7ZXQmajk	20260426	【 モンスターハンターストーリーズ3 】初めてのモンハンストーリーズで遊んでみるのら！！！【姫森ルーナ/ホロライブ】	
j6mxZSMjh0A	20260424	【 鳴潮 】初めての鳴潮で遊んでみるのら！！！第2章第11幕 Ver.2.7 ＃12【姫森ルーナ/ホロライブ】	
ptQk4rS3L6E	20260423	【 悪魔城ドラキュラXセレクション 月下の夜想曲＆血の輪廻 】＃２ 初めての「月下の夜想曲」で遊ぶのら！！！【姫森ルーナ/ホロライブ】	
bIz2aRj6YRY	20260421	【 R.E.P.O.コラボ 】この中の一体誰が生き残れるか？！なのら！！！#ハリポルーナ 【姫森ルーナ/ホロライブ】	
a22g8iTAAgQ	20260420	【 鳴潮 】初めての鳴潮で遊んでみるのら！！！第2章第9幕 Ver.2.6 ＃11【姫森ルーナ/ホロライブ】	
kabOs2iCr7E	20260419	【 悪魔城ドラキュラXセレクション 月下の夜想曲＆血の輪廻 】＃１ 初めての「月下の夜想曲」で遊ぶのら！！！【姫森ルーナ/ホロライブ】	
jox1snNlTp0	20260417	【 鳴潮 】「Ver.3.3予告特別通信」同時視聴！！ストーリーも進めていくのら！！！第2章第8幕 Ver.2.6 ＃10【姫森ルーナ/ホロライブ】	
OpfFQ9iLLi4	20260412	【 アソビ大全 】ミリしら将棋やるのら…ぞっ！！！(・o・🍬)【姫森ルーナ/ホロライブ】	
c9U7nGkaXIc	20260411	【 #んなたんと同時視聴 】『ジョジョの奇妙な冒険 第2部 戦闘潮流』第18話～第26話 同時視聴するのら！！！【姫森ルーナ/ホロライブ】	
bpVOHL3uzXo	20260410	【 鳴潮 】フィービーガチャと連星任務やってみるのら！！！番外編 ＃9【姫森ルーナ/ホロライブ】	
84Qiqv5TqV0	20260409	【 ダークソウル 】『DARK SOULS REMASTERED』人間性を捧げるのら！！！ ＃５ 最終回【姫森ルーナ/ホロライブ】ネタバレあり	
4Kw0ge8S164	20260406	【 鳴潮 】初めての鳴潮で遊んでみるのら！！！第2章第7幕 Ver.2.5 ＃8【姫森ルーナ/ホロライブ】	
CLTGAKMppcg	20260405	んなたん奮闘記①なのらね✌(・o・🍬)【姫森ルーナ/ホロライブ】	
my1RiNZCDiQ	20260404	【 ダークソウル 】『DARK SOULS REMASTERED』人間性を捧げるのら！！！ ＃４【姫森ルーナ/ホロライブ】ネタバレあり	
BFvNxF7Rs_A	20260402	【 #んなたんと同時視聴 】『ジョジョの奇妙な冒険 第2部 戦闘潮流』第10話～第17話 同時視聴するのら！！！【姫森ルーナ/ホロライブ】	
tepFlrRPqnI	20260330	【 鳴潮 】初めての鳴潮で遊んでみるのら！！！第2章第5幕 Ver.2.4 ＃7【姫森ルーナ/ホロライブ】	
Bsz1sC8gilE	20260329	WRYYYYYYYYYYYYYYY(・o・🍬)【姫森ルーナ/ホロライブ】	
WrLagU0R0hc	20260329	【 アソビ大全 】さぁ、ルーナイト達……久々のバトルの時間なのら！！！【姫森ルーナ/ホロライブ】	
pY7kgyBMWVM	20260328	【 #んなたんと同時視聴 】『ジョジョの奇妙な冒険 第1部 ファントムブラッド』全9話 同時視聴するのら！！！【姫森ルーナ/ホロライブ】	
E_kqRQqoPf4	20260327	【 Coloso 】姫が新しい名画を描いちゃう？！クーポンプレゼントもあるのら！！！ 【姫森ルーナ/ホロライブ】	
fL9_bwz-B3A	20260326	【 Pop'nツインビー 】本日発売３３周年！初見プレイでレトロゲームシューティングに挑戦するのら！！！【姫森ルーナ/ホロライブ】	1
9jby5BGzHxI	20260325	【 みつめ コラボ 】2人で協力して大学内の異変を探すのら！！！【姫森ルーナ/ホロライブ】	
9dZ2Xdq4CWo	20260324	【 鳴潮 】初めての鳴潮で遊んでみるのら！！！第2章第3幕 Ver.2.2 ＃6【姫森ルーナ/ホロライブ】	
zo8lCK7xcqk	20260323	【 ぽこ あ ポケモン 】ポケモンだけの世界を覗きに行ってみるのら！！！【姫森ルーナ/ホロライブ】	
Vk-hXJqEr80	20260321	【 バイオハザード レクイエム 】＃２ 最終回！満を持して新作バイオに挑戦するのら！！！【姫森ルーナ/ホロライブ】ネタバレあり	
dCD6kmiqvsA	20260319	【 バイオハザード レクイエム 】＃１ 満を持して新作バイオに挑戦するのら！！！【姫森ルーナ/ホロライブ】ネタバレあり	
Mk02UJYIdR4	20260316	【 鳴潮 】初めての鳴潮で遊んでみるのら！！！第2章第1幕 Ver.2.0 ＃5【姫森ルーナ/ホロライブ】	
Lp39WUUX0XQ	20260315	【 テストプレイをサボりすぎたＲＰＧ 】100時間越えの超大作？！デバッグ作業をするんじゃないのら？！【姫森ルーナ/ホロライブ】	
pK4IH90p3kk	20260310	【 鳴潮 】初めての鳴潮で遊んでみるのら！！！第1章第8幕 Ver.1.3 ＃4【姫森ルーナ/ホロライブ】	
FFUwdbb-08o	20260308	【 7th Fes. & EXPO感想会 】みんなありがちゅ～💓(・o・🍬)【姫森ルーナ/ホロライブ】	1
-p6X4R7n_fg	20260305	【 俺の料理｜PS版 】こりは⋯一体どんなゲームなのら？！PS1のレトロゲームで遊ぶのら！！！【姫森ルーナ/ホロライブ】	
M8ztaczZUYI	20260304	【 鳴潮 】初めての鳴潮で遊んでみるのら！！！第1章第7幕 Ver.1.1 ＃3【姫森ルーナ/ホロライブ】	
oUOXMsFNThg	20260302	【 プリコネR 】プリフェスガチャ✨ペコリーヌ(アストライア)をお迎えするのら！！！【姫森ルーナ/ホロライブ】	1
G6dGWhxrkoI	20260301	出会いと別れの３月なのらね…(・o・🍬)【姫森ルーナ/ホロライブ】	
bErqSjeLbIo	20260301	【 カプとれ 】モンハンワイルズ×ホロライブ第2弾のルーナ姫をGETするのら！！！【姫森ルーナ/ホロライブ】	
FNegP6zcqp4	20260228	【 ダブルキャスト｜PS版 】レトロゲーム『やるドラ』シリーズの1作目で遊ぶのら！！！＃１【姫森ルーナ/ホロライブ】	
pDFCjQF6iqM	20260226	【 鳴潮 】初めての鳴潮で遊んでみるのら！！！第1章第4幕 Ver.1.0 ＃2【姫森ルーナ/ホロライブ】	
rxHSNfPcitM	20260226	【 ゼンブブレッド 】んなたんの特別セットを紹介するのら～～🍞(・o・🍬)【姫森ルーナ/ホロライブ】	
7G05Y7pSKl0	20260225	【 ダークソウル 】『DARK SOULS REMASTERED』人間性を捧げるのら！！！ ＃３【姫森ルーナ/ホロライブ】ネタバレあり	
lJublvlWNNw	20260224	【 鳴潮 】初めての鳴潮で遊んでみるのら！！！第1章第1幕 Ver.1.0 ＃1【姫森ルーナ/ホロライブ】	
FIWfIVFsZhE	20260222	【 歌枠 】L'Arc〜en〜Ciel (ラルク) をうなうな歌うのら～！！！🎵 ～ KARAOKE #shorts【姫森ルーナ/ホロライブ】	
xwIyOQfsedA	20260221	【 ファイアーエムブレム 紋章の謎 】＃６ 難易度高めのレトロゲーム「ファイアーエムブレム」で遊ぶのら！！！第1部 最終回【姫森ルーナ/ホロライブ】	
sRuqne5Bg34	20260219	【 Starsand Island 】新作ゲーム「スターサンド・アイランド」で遊んでみるのら！！！【姫森ルーナ/ホロライブ】	
VabyY-n66iI	20260218	【 Portal 2 】 #ポルーナ で ポータル2に挑戦するのら！！！＃１ 【姫森ルーナ/ホロライブ】	
qT5OTDvJK1Q	20260217	【 Minecraft 】新ホロ鯖！"んな電鉄"メトロ線の装飾をするのらpart1！！！＃１４【姫森ルーナ/ホロライブ】	
u6X_8rYHKRs	20260216	【 ダークソウル 】『DARK SOULS REMASTERED』人間性を捧げるのら！！！ ＃２【姫森ルーナ/ホロライブ】ネタバレあり	
zT6hqIn-2_o	20260212	【 ちいかわ 】シーサーを羊毛フェルトで作ってみま～す！なのら💓( ᐢ・o・ᐢ 🍬)うれシーサー #shorts 【姫森ルーナ/ホロライブ】	
Rky_eWnWjp4	20260211	【 ファイアーエムブレム 紋章の謎 】＃５ 難易度高めのレトロゲーム「ファイアーエムブレム」で遊ぶのら！！！第1部【姫森ルーナ/ホロライブ】	
neoys-2CjC0	20260209	【 ダークソウル 】『DARK SOULS REMASTERED』人間性を捧げるのら！！！ ＃１【姫森ルーナ/ホロライブ】ネタバレあり	
PIqOBn6y3oY	20260207	【 ファイアーエムブレム 紋章の謎 】＃４ 難易度高めのレトロゲーム「ファイアーエムブレム」で遊ぶのら！！！第1部【姫森ルーナ/ホロライブ】	
7m77s4SftmY	20260204	【 モンハンダブルクロス 】3DS版でソロクリア済！９年前のゲームで一狩りいこうぜ！なのら！！！MHXX ＃７【姫森ルーナ/ホロライブ】	
OnCcP4Q8SVQ	20260203	【 Minecraft 】新ホロ鯖！久々"んな電鉄"の開通記念なのら！！！＃１３【姫森ルーナ/ホロライブ】	1
at5RyShudJI	20260202	【 カプとれ 】モンハンワイルズ×ホロライブ第1弾のぽりゅをGETするのら！！！【姫森ルーナ/ホロライブ】	
wabJ08BAjk0	20260201	んなたんの悪いクセが出ちまってるのらね(；o；🍬)💦【姫森ルーナ/ホロライブ】	
V5CVhe4lozU	20260131	【 ファイアーエムブレム 紋章の謎 】＃３ 難易度高めのレトロゲーム「ファイアーエムブレム」で遊ぶのら！！！第1部【姫森ルーナ/ホロライブ】	
TS-X2U03RIY	20260129	【 チケット当選祈願歌枠 】B'zのチケットが当たりますように！なのら！！！✊(・o・🍬)🎶KARAOKE #shorts 【姫森ルーナ/ホロライブ】	
t63T01dESfc	20260128	【 デジモン 】ウォーグレイモンのプラモデルを作るのら！！！Make a plastic model of WarGreymon【姫森ルーナ/ホロライブ】	
ZRT4ZyKK7fc	20260126	【 アクトレイザー｜SFC版 】35周年記念！スーファミ実機でレトロゲームするのら！！！＃３ 最終回【姫森ルーナ/ホロライブ】	1
DeyM_B88PYc	20260125	【 ファイアーエムブレム 紋章の謎 】＃２ 難易度高めのレトロゲーム「ファイアーエムブレム」で遊ぶのら！！！第1部【姫森ルーナ/ホロライブ】	
5xLZ8jt_6IA	20260124	もう…いきていけないのらね…(；o；🍬)わァ...ぁ...【姫森ルーナ/ホロライブ】	
6UYuWimhTxU	20260122	【 アクトレイザー｜SFC版 】35周年記念！スーファミ実機でレトロゲームするのら！！！＃２【姫森ルーナ/ホロライブ】	1
xgXrqm-5RC8	20260121	【 アクトレイザー｜SFC版 】35周年記念！スーファミ実機でレトロゲームするのら！！！＃１【姫森ルーナ/ホロライブ】	1
w2Qqkexs36o	20260120	【 MIMESISコラボ 】初めてのミメシスに挑戦するのら！！！【姫森ルーナ/ホロライブ】	
jxGjbr94ETQ	20260118	【 ファイアーエムブレム 紋章の謎 】＃１ 難易度高めのレトロゲーム「ファイアーエムブレム」で遊ぶのら！！！第1部【姫森ルーナ/ホロライブ】	
MG7KfMOYUyI	20260117	今宵はコンサートへ⋯⋯なのら🎵(・o・🍬)【姫森ルーナ/ホロライブ】	1
MmlndpRdNLg	20260115	【 歌枠 】昭和の歌謡曲をふなふな歌うのら～！！！🎶 KARAOKE【姫森ルーナ/ホロライブ】	
LetMxyU2veY	20260114	【 Cities: Skylines II 】んな市長が都市計画事業を始めるのら！！！＃３ 【姫森ルーナ/ホロライブ】	
7HfzPoQkotk	20260112	【 エレクトーン 】３ヶ月ぶりに演奏するのら～～～！！！🎹🎶 Playing the Electone【姫森ルーナ/ホロライブ】	
468syfp6_ag	20260111	【 Cuphead 】＃３ 最終回 初見プレイで高難易度ゲームカップヘッドに挑戦してみるのら！！！【姫森ルーナ/ホロライブ】	
O1KmdN9LbY4	20260108	【 宝くじ開封 】年末ジャンボ８０枚開封するぞぉ！＆ビッグ神(ゴッド)ミオーンに2026年を占ってもらうのら！！！ ＃９【姫森ルーナ/ホロライブ】	
umalX6CpEi8	20260107	【 Cuphead 】＃２ 初見プレイで高難易度ゲームカップヘッドに挑戦してみるのら！！！【姫森ルーナ/ホロライブ】	
k5HtCmP634Y	20260106	【 Cuphead 】＃１ 初見プレイで高難易度ゲームカップヘッドに挑戦してみるのら！！！【姫森ルーナ/ホロライブ】	
nLtbpY_bVAY	20260105	怒涛の2026年が幕開けたのらね(・o・🍬)【姫森ルーナ/ホロライブ】	
AfYMmJ5D4JY	20260104	【 #姫森ルーナ6周年 】リアル女子友 "瀬戸内レモンちゃん" を呼んだので今年は２人で餅つきするのら！！！✌(・o・🍬) 告知もあり！【姫森ルーナ/ホロライブ】	1
t4zhPbqf5IA	20260103	【 ６周年カウントダウン 】 #姫森ルーナ6周年 ！！これが姫の生きる道なのらね！！！【姫森ルーナ/ホロライブ】	1
KmQCCw5bKd4	20260101	【 謹賀新年 】2026年もよろしくなのらね！！！クラシッククリア！- 利用規約に同意したい -【姫森ルーナ/ホロライブ】	
